InvoiceID,ItemName
INV-1,Diapers
INV-2,Diapers
INV-3,Diapers
INV-4,Cereal
INV-5,Coffee
INV-5,Milk
INV-5,Cereal
INV-6,Sugar
INV-7,Sugar
INV-7,Bread
INV-7,Diapers
INV-7,Milk
INV-8,Sugar
INV-8,Butter
INV-8,Beer
INV-9,Beer
INV-9,Diapers
INV-9,Milk
INV-10,Butter
INV-11,Milk
INV-11,Diapers
INV-11,Cereal
INV-12,Milk
INV-12,Diapers
INV-12,Butter
INV-12,Coffee
INV-13,Diapers
INV-13,Beer
INV-13,Coffee
INV-14,Coffee
INV-14,Eggs
INV-14,Sugar
INV-15,Butter
INV-16,Milk
INV-16,Diapers
INV-17,Eggs
INV-17,Diapers
INV-17,Milk
INV-18,Bread
INV-18,Sugar
INV-18,Diapers
INV-19,Cereal
INV-20,Coffee
INV-20,Cereal
INV-20,Beer
INV-20,Bread
INV-20,Diapers
INV-21,Butter
INV-21,Diapers
INV-21,Milk
INV-22,Diapers
INV-22,Bread
INV-22,Milk
INV-22,Coffee
INV-23,Beer
INV-23,Cereal
INV-23,Diapers
INV-24,Diapers
INV-24,Cereal
INV-25,Sugar
INV-25,Cereal
INV-26,Cereal
INV-26,Milk
INV-26,Beer
INV-26,Diapers
INV-27,Coffee
INV-27,Beer
INV-27,Butter
INV-27,Bread
INV-28,Sugar
INV-28,Coffee
INV-28,Bread
INV-28,Cereal
INV-29,Sugar
INV-29,Eggs
INV-30,Cereal
INV-30,Beer
INV-30,Sugar
INV-30,Butter
INV-30,Diapers
INV-31,Cereal
INV-32,Cereal
INV-33,Eggs
INV-33,Diapers
INV-33,Beer
INV-33,Milk
INV-34,Coffee
INV-34,Butter
INV-34,Eggs
INV-34,Diapers
INV-35,Sugar
INV-35,Milk
INV-35,Butter
INV-35,Bread
INV-36,Diapers
INV-36,Cereal
INV-36,Butter
INV-37,Coffee
INV-37,Eggs
INV-37,Bread
INV-38,Butter
INV-38,Sugar
INV-38,Bread
INV-39,Butter
INV-40,Coffee
INV-41,Eggs
INV-41,Cereal
INV-41,Butter
INV-41,Diapers
INV-42,Cereal
INV-42,Diapers
INV-42,Sugar
INV-43,Cereal
INV-44,Sugar
INV-44,Coffee
INV-44,Beer
INV-45,Milk
INV-45,Beer
INV-45,Diapers
INV-46,Diapers
INV-46,Sugar
INV-46,Bread
INV-46,Butter
INV-47,Cereal
INV-47,Bread
INV-47,Sugar
INV-48,Coffee
INV-48,Milk
INV-48,Eggs
INV-49,Butter
INV-49,Bread
INV-49,Eggs
INV-49,Beer
INV-49,Diapers
INV-50,Sugar
INV-50,Coffee
INV-50,Beer
INV-50,Diapers
INV-51,Diapers
INV-51,Sugar
INV-52,Butter
INV-52,Diapers
INV-52,Sugar
INV-53,Eggs
INV-53,Diapers
INV-53,Sugar
INV-53,Milk
INV-54,Eggs
INV-54,Milk
INV-55,Coffee
INV-55,Diapers
INV-56,Bread
INV-56,Eggs
INV-57,Bread
INV-58,Sugar
INV-58,Cereal
INV-59,Diapers
INV-59,Coffee
INV-59,Eggs
INV-59,Beer
INV-60,Diapers
INV-60,Milk
INV-60,Eggs
INV-61,Eggs
INV-62,Eggs
INV-62,Cereal
INV-63,Diapers
INV-64,Eggs
INV-65,Sugar
INV-66,Butter
INV-66,Milk
INV-66,Sugar
INV-66,Beer
INV-66,Diapers
INV-67,Bread
INV-68,Coffee
INV-68,Sugar
INV-68,Cereal
INV-69,Milk
INV-69,Coffee
INV-69,Bread
INV-70,Milk
INV-70,Sugar
INV-70,Diapers
INV-70,Beer
INV-71,Diapers
INV-71,Beer
INV-72,Coffee
INV-72,Milk
INV-73,Sugar
INV-73,Milk
INV-74,Cereal
INV-75,Coffee
INV-75,Cereal
INV-76,Beer
INV-76,Butter
INV-76,Cereal
INV-76,Diapers
INV-77,Diapers
INV-77,Coffee
INV-78,Sugar
INV-78,Beer
INV-79,Milk
INV-79,Cereal
INV-80,Bread
INV-80,Cereal
INV-80,Eggs
INV-81,Sugar
INV-81,Milk
INV-81,Coffee
INV-82,Coffee
INV-82,Bread
INV-83,Beer
INV-84,Butter
INV-84,Eggs
INV-84,Cereal
INV-85,Eggs
INV-86,Milk
INV-86,Butter
INV-86,Eggs
INV-87,Eggs
INV-87,Coffee
INV-87,Bread
INV-87,Cereal
INV-88,Milk
INV-89,Butter
INV-89,Beer
INV-90,Milk
INV-90,Sugar
INV-90,Diapers
INV-91,Bread
INV-91,Cereal
INV-91,Butter
INV-91,Beer
INV-91,Diapers
INV-92,Sugar
INV-93,Coffee
INV-93,Diapers
INV-93,Bread
INV-93,Eggs
INV-94,Bread
INV-94,Milk
INV-94,Eggs
INV-95,Diapers
INV-96,Eggs
INV-96,Coffee
INV-96,Butter
INV-96,Diapers
INV-97,Bread
INV-97,Eggs
INV-97,Coffee
INV-97,Diapers
INV-98,Beer
INV-98,Diapers
INV-99,Milk
INV-100,Beer
INV-100,Cereal
INV-100,Eggs
INV-101,Milk
INV-101,Eggs
INV-101,Diapers
INV-101,Coffee
INV-102,Sugar
INV-103,Sugar
INV-104,Bread
INV-104,Beer
INV-104,Sugar
INV-104,Diapers
INV-105,Butter
INV-106,Butter
INV-107,Coffee
INV-107,Sugar
INV-108,Beer
INV-108,Butter
INV-109,Beer
INV-109,Milk
INV-109,Sugar
INV-109,Diapers
INV-110,Milk
INV-110,Beer
INV-110,Cereal
INV-110,Bread
INV-110,Diapers
INV-111,Sugar
INV-112,Coffee
INV-112,Bread
INV-113,Eggs
INV-114,Bread
INV-115,Butter
INV-115,Bread
INV-115,Beer
INV-115,Eggs
INV-115,Diapers
INV-116,Diapers
INV-117,Coffee
INV-117,Milk
INV-118,Diapers
INV-118,Sugar
INV-119,Butter
INV-119,Coffee
INV-119,Milk
INV-119,Cereal
INV-120,Bread
INV-120,Milk
INV-120,Beer
INV-120,Diapers
INV-121,Milk
INV-122,Eggs
INV-123,Sugar
INV-123,Diapers
INV-123,Coffee
INV-124,Milk
INV-124,Sugar
INV-124,Beer
INV-125,Diapers
INV-125,Bread
INV-125,Cereal
INV-126,Milk
INV-126,Eggs
INV-126,Diapers
INV-126,Coffee
INV-127,Butter
INV-127,Sugar
INV-127,Bread
INV-127,Milk
INV-128,Diapers
INV-128,Bread
INV-128,Milk
INV-129,Milk
INV-129,Coffee
INV-130,Diapers
INV-130,Eggs
INV-130,Milk
INV-131,Coffee
INV-131,Cereal
INV-131,Milk
INV-132,Bread
INV-132,Sugar
INV-132,Eggs
INV-133,Sugar
INV-133,Diapers
INV-133,Milk
INV-133,Bread
INV-134,Eggs
INV-134,Butter
INV-135,Cereal
INV-135,Bread
INV-135,Eggs
INV-136,Milk
INV-136,Diapers
INV-136,Eggs
INV-137,Diapers
INV-137,Butter
INV-137,Bread
INV-138,Eggs
INV-139,Eggs
INV-140,Milk
INV-140,Eggs
INV-140,Sugar
INV-140,Diapers
INV-141,Butter
INV-141,Milk
INV-141,Eggs
INV-141,Sugar
INV-142,Butter
INV-143,Cereal
INV-144,Cereal
INV-144,Milk
INV-145,Eggs
INV-145,Milk
INV-145,Cereal
INV-145,Beer
INV-146,Eggs
INV-146,Butter
INV-146,Beer
INV-146,Cereal
INV-146,Diapers
INV-147,Milk
INV-148,Cereal
INV-148,Beer
INV-148,Bread
INV-149,Milk
INV-149,Eggs
INV-149,Beer
INV-150,Diapers
INV-150,Beer
INV-151,Milk
INV-151,Diapers
INV-152,Milk
INV-152,Butter
INV-153,Cereal
INV-154,Diapers
INV-155,Cereal
INV-155,Bread
INV-156,Eggs
INV-156,Coffee
INV-156,Beer
INV-156,Diapers
INV-157,Coffee
INV-157,Bread
INV-157,Sugar
INV-158,Cereal
INV-158,Beer
INV-158,Milk
INV-158,Diapers
INV-159,Coffee
INV-159,Cereal
INV-159,Sugar
INV-159,Milk
INV-160,Coffee
INV-160,Beer
INV-160,Diapers
INV-161,Milk
INV-161,Beer
INV-161,Eggs
INV-161,Sugar
INV-161,Diapers
INV-162,Cereal
INV-162,Bread
INV-162,Coffee
INV-162,Milk
INV-163,Cereal
INV-164,Bread
INV-165,Cereal
INV-165,Coffee
INV-165,Eggs
INV-165,Diapers
INV-166,Bread
INV-166,Butter
INV-166,Sugar
INV-167,Eggs
INV-167,Bread
INV-167,Beer
INV-167,Butter
INV-167,Diapers
INV-168,Bread
INV-169,Eggs
INV-169,Milk
INV-169,Diapers
INV-169,Bread
INV-170,Butter
INV-171,Beer
INV-171,Sugar
INV-171,Diapers
INV-172,Butter
INV-172,Diapers
INV-173,Sugar
INV-173,Diapers
INV-173,Beer
INV-173,Milk
INV-174,Cereal
INV-174,Sugar
INV-174,Milk
INV-174,Diapers
INV-175,Eggs
INV-176,Coffee
INV-176,Eggs
INV-176,Milk
INV-177,Diapers
INV-177,Coffee
INV-178,Milk
INV-179,Butter
INV-180,Bread
INV-181,Milk
INV-182,Cereal
INV-182,Milk
INV-182,Beer
INV-182,Sugar
INV-182,Diapers
INV-183,Bread
INV-184,Cereal
INV-184,Coffee
INV-184,Butter
INV-185,Bread
INV-185,Milk
INV-186,Milk
INV-186,Cereal
INV-187,Cereal
INV-187,Butter
INV-187,Bread
INV-187,Beer
INV-188,Coffee
INV-188,Cereal
INV-188,Beer
INV-188,Sugar
INV-189,Diapers
INV-190,Eggs
INV-190,Beer
INV-191,Eggs
INV-192,Bread
INV-193,Sugar
INV-193,Coffee
INV-193,Butter
INV-194,Diapers
INV-194,Bread
INV-194,Cereal
INV-194,Butter
INV-195,Beer
INV-195,Diapers
INV-196,Milk
INV-196,Sugar
INV-196,Butter
INV-197,Milk
INV-197,Eggs
INV-197,Butter
INV-197,Beer
INV-198,Beer
INV-198,Milk
INV-198,Diapers
INV-199,Diapers
INV-200,Sugar
INV-200,Coffee
INV-200,Beer
INV-201,Sugar
INV-201,Coffee
INV-202,Bread
INV-203,Butter
INV-203,Sugar
INV-203,Beer
INV-204,Milk
INV-204,Beer
INV-204,Butter
INV-204,Cereal
INV-204,Diapers
INV-205,Bread
INV-206,Bread
INV-206,Milk
INV-207,Diapers
INV-207,Coffee
INV-208,Diapers
INV-208,Butter
INV-209,Sugar
INV-209,Milk
INV-210,Diapers
INV-211,Cereal
INV-212,Milk
INV-212,Coffee
INV-213,Sugar
INV-214,Diapers
INV-214,Beer
INV-214,Butter
INV-214,Coffee
INV-215,Diapers
INV-215,Eggs
INV-215,Beer
INV-215,Sugar
INV-216,Milk
INV-216,Butter
INV-216,Diapers
INV-217,Sugar
INV-218,Eggs
INV-219,Diapers
INV-219,Coffee
INV-220,Milk
INV-221,Beer
INV-221,Sugar
INV-221,Coffee
INV-221,Butter
INV-221,Diapers
INV-222,Diapers
INV-222,Butter
INV-222,Sugar
INV-223,Beer
INV-223,Diapers
INV-224,Cereal
INV-224,Milk
INV-224,Sugar
INV-224,Coffee
INV-225,Beer
INV-225,Milk
INV-225,Diapers
INV-225,Cereal
INV-226,Sugar
INV-226,Butter
INV-226,Coffee
INV-226,Bread
INV-227,Diapers
INV-228,Butter
INV-229,Diapers
INV-229,Milk
INV-229,Bread
INV-229,Coffee
INV-230,Beer
INV-230,Eggs
INV-230,Milk
INV-230,Butter
INV-230,Diapers
INV-231,Butter
INV-231,Bread
INV-231,Milk
INV-231,Coffee
INV-232,Coffee
INV-232,Butter
INV-232,Bread
INV-233,Butter
INV-233,Cereal
INV-234,Beer
INV-234,Diapers
INV-235,Bread
INV-236,Diapers
INV-236,Bread
INV-236,Cereal
INV-236,Milk
INV-237,Coffee
INV-237,Cereal
INV-237,Eggs
INV-237,Sugar
INV-238,Sugar
INV-238,Beer
INV-238,Diapers
INV-238,Bread
INV-239,Coffee
INV-239,Sugar
INV-240,Milk
INV-240,Coffee
INV-241,Cereal
INV-241,Milk
INV-242,Diapers
INV-242,Butter
INV-243,Bread
INV-243,Milk
INV-244,Diapers
INV-245,Bread
INV-245,Beer
INV-245,Milk
INV-245,Diapers
INV-246,Cereal
INV-246,Bread
INV-246,Sugar
INV-247,Beer
INV-247,Eggs
INV-247,Milk
INV-247,Bread
INV-248,Cereal
INV-248,Beer
INV-248,Diapers
INV-248,Butter
INV-249,Cereal
INV-249,Coffee
INV-249,Milk
INV-250,Diapers
INV-250,Eggs
INV-251,Eggs
INV-252,Eggs
INV-252,Coffee
INV-253,Diapers
INV-253,Milk
INV-253,Butter
INV-254,Cereal
INV-255,Beer
INV-255,Bread
INV-255,Eggs
INV-255,Cereal
INV-255,Diapers
INV-256,Eggs
INV-256,Beer
INV-256,Butter
INV-256,Diapers
INV-257,Cereal
INV-257,Diapers
INV-258,Coffee
INV-258,Butter
INV-258,Cereal
INV-259,Beer
INV-259,Cereal
INV-260,Diapers
INV-260,Eggs
INV-261,Diapers
INV-261,Beer
INV-261,Bread
INV-262,Beer
INV-262,Eggs
INV-263,Eggs
INV-264,Sugar
INV-264,Coffee
INV-265,Bread
INV-265,Eggs
INV-265,Sugar
INV-265,Beer
INV-265,Diapers
INV-266,Milk
INV-266,Eggs
INV-266,Butter
INV-266,Diapers
INV-267,Cereal
INV-267,Bread
INV-267,Coffee
INV-268,Cereal
INV-268,Beer
INV-268,Diapers
INV-268,Bread
INV-269,Coffee
INV-269,Beer
INV-270,Butter
INV-271,Coffee
INV-271,Cereal
INV-272,Bread
INV-272,Sugar
INV-272,Butter
INV-272,Milk
INV-273,Eggs
INV-273,Milk
INV-273,Sugar
INV-274,Diapers
INV-274,Sugar
INV-275,Coffee
INV-275,Cereal
INV-276,Cereal
INV-277,Milk
INV-277,Cereal
INV-277,Butter
INV-277,Bread
INV-278,Diapers
INV-278,Coffee
INV-279,Butter
INV-279,Eggs
INV-279,Cereal
INV-279,Beer
INV-279,Diapers
INV-280,Sugar
INV-280,Milk
INV-281,Eggs
INV-281,Bread
INV-282,Coffee
INV-282,Sugar
INV-282,Eggs
INV-282,Butter
INV-283,Sugar
INV-284,Bread
INV-285,Bread
INV-285,Butter
INV-285,Diapers
INV-285,Eggs
INV-286,Coffee
INV-286,Milk
INV-286,Beer
INV-286,Butter
INV-286,Diapers
INV-287,Butter
INV-287,Milk
INV-288,Cereal
INV-288,Coffee
INV-288,Butter
INV-289,Beer
INV-289,Eggs
INV-289,Bread
INV-289,Cereal
INV-290,Beer
INV-290,Cereal
INV-290,Diapers
INV-291,Cereal
INV-292,Cereal
INV-292,Sugar
INV-292,Beer
INV-292,Coffee
INV-292,Diapers
INV-293,Coffee
INV-293,Beer
INV-293,Butter
INV-293,Eggs
INV-294,Sugar
INV-294,Coffee
INV-294,Cereal
INV-295,Eggs
INV-295,Milk
INV-295,Bread
INV-296,Milk
INV-297,Diapers
INV-298,Milk
INV-298,Bread
INV-298,Beer
INV-298,Eggs
INV-299,Milk
INV-299,Eggs
INV-299,Coffee
INV-300,Bread
INV-301,Diapers
INV-302,Bread
INV-302,Milk
INV-302,Coffee
INV-302,Diapers
INV-303,Diapers
INV-303,Eggs
INV-303,Milk
INV-304,Bread
INV-305,Bread
INV-306,Cereal
INV-306,Milk
INV-306,Diapers
INV-306,Sugar
INV-307,Diapers
INV-307,Milk
INV-307,Bread
INV-307,Eggs
INV-308,Sugar
INV-309,Butter
INV-309,Bread
INV-310,Coffee
INV-311,Butter
INV-311,Coffee
INV-311,Bread
INV-311,Diapers
INV-312,Diapers
INV-312,Sugar
INV-312,Beer
INV-312,Coffee
INV-313,Sugar
INV-313,Bread
INV-313,Coffee
INV-313,Butter
INV-314,Eggs
INV-315,Beer
INV-315,Bread
INV-315,Sugar
INV-315,Butter
INV-315,Diapers
INV-316,Bread
INV-316,Diapers
INV-316,Eggs
INV-317,Coffee
INV-317,Diapers
INV-317,Cereal
INV-317,Bread
INV-318,Coffee
INV-318,Eggs
INV-318,Bread
INV-318,Beer
INV-318,Diapers
INV-319,Eggs
INV-319,Diapers
INV-319,Sugar
INV-319,Coffee
INV-320,Bread
INV-320,Cereal
INV-321,Sugar
INV-321,Diapers
INV-321,Coffee
INV-321,Milk
INV-322,Eggs
INV-322,Coffee
INV-323,Eggs
INV-324,Bread
INV-324,Diapers
INV-325,Diapers
INV-325,Beer
INV-325,Eggs
INV-325,Milk
INV-326,Butter
INV-326,Beer
INV-326,Cereal
INV-326,Eggs
INV-327,Beer
INV-327,Milk
INV-327,Coffee
INV-327,Cereal
INV-327,Diapers
INV-328,Eggs
INV-328,Cereal
INV-328,Diapers
INV-329,Butter
INV-329,Sugar
INV-330,Eggs
INV-330,Cereal
INV-331,Diapers
INV-331,Sugar
INV-332,Diapers
INV-332,Bread
INV-332,Milk
INV-333,Cereal
INV-333,Eggs
INV-333,Bread
INV-333,Diapers
INV-334,Eggs
INV-334,Milk
INV-335,Beer
INV-335,Diapers
INV-336,Butter
INV-336,Bread
INV-336,Coffee
INV-337,Beer
INV-337,Sugar
INV-337,Diapers
INV-338,Coffee
INV-338,Bread
INV-338,Sugar
INV-338,Diapers
INV-339,Eggs
INV-339,Beer
INV-339,Cereal
INV-340,Coffee
INV-340,Milk
INV-341,Beer
INV-341,Coffee
INV-341,Bread
INV-342,Beer
INV-342,Diapers
INV-343,Eggs
INV-343,Milk
INV-344,Butter
INV-344,Eggs
INV-344,Diapers
INV-344,Milk
INV-345,Beer
INV-345,Butter
INV-345,Cereal
INV-345,Eggs
INV-345,Diapers
INV-346,Bread
INV-346,Diapers
INV-346,Coffee
INV-347,Butter
INV-347,Sugar
INV-347,Beer
INV-347,Eggs
INV-347,Diapers
INV-348,Sugar
INV-348,Butter
INV-349,Sugar
INV-349,Diapers
INV-349,Beer
INV-350,Milk
INV-350,Eggs
INV-350,Beer
INV-350,Diapers
INV-351,Bread
INV-351,Cereal
INV-352,Eggs
INV-352,Sugar
INV-353,Eggs
INV-353,Beer
INV-353,Butter
INV-353,Coffee
INV-353,Diapers
INV-354,Cereal
INV-355,Butter
INV-355,Milk
INV-355,Bread
INV-356,Milk
INV-356,Eggs
INV-357,Cereal
INV-357,Beer
INV-357,Bread
INV-357,Diapers
INV-358,Sugar
INV-359,Coffee
INV-359,Sugar
INV-360,Diapers
INV-360,Butter
INV-360,Cereal
INV-361,Milk
INV-361,Coffee
INV-362,Milk
INV-363,Diapers
INV-363,Bread
INV-363,Eggs
INV-363,Sugar
INV-364,Bread
INV-364,Cereal
INV-365,Cereal
INV-365,Bread
INV-366,Butter
INV-366,Milk
INV-366,Sugar
INV-367,Coffee
INV-367,Milk
INV-368,Bread
INV-368,Cereal
INV-368,Milk
INV-369,Eggs
INV-369,Diapers
INV-369,Beer
INV-369,Bread
INV-370,Bread
INV-370,Diapers
INV-370,Butter
INV-370,Milk
INV-371,Milk
INV-372,Eggs
INV-372,Coffee
INV-372,Milk
INV-373,Eggs
INV-374,Eggs
INV-374,Sugar
INV-374,Butter
INV-374,Coffee
INV-375,Coffee
INV-375,Eggs
INV-375,Cereal
INV-375,Sugar
INV-376,Eggs
INV-376,Cereal
INV-376,Bread
INV-377,Diapers
INV-377,Sugar
INV-377,Cereal
INV-378,Diapers
INV-378,Coffee
INV-378,Cereal
INV-379,Coffee
INV-380,Coffee
INV-380,Sugar
INV-380,Bread
INV-380,Butter
INV-381,Bread
INV-382,Butter
INV-382,Beer
INV-382,Diapers
INV-383,Bread
INV-383,Cereal
INV-384,Sugar
INV-385,Sugar
INV-385,Milk
INV-385,Coffee
INV-386,Coffee
INV-386,Diapers
INV-387,Butter
INV-387,Bread
INV-388,Butter
INV-388,Cereal
INV-388,Coffee
INV-388,Milk
INV-389,Diapers
INV-389,Milk
INV-389,Beer
INV-390,Butter
INV-390,Sugar
INV-390,Eggs
INV-391,Cereal
INV-391,Diapers
INV-391,Eggs
INV-392,Coffee
INV-392,Cereal
INV-392,Eggs
INV-392,Sugar
INV-393,Butter
INV-394,Eggs
INV-394,Bread
INV-394,Diapers
INV-395,Cereal
INV-396,Milk
INV-397,Eggs
INV-397,Bread
INV-397,Sugar
INV-397,Diapers
INV-398,Bread
INV-398,Eggs
INV-398,Sugar
INV-398,Coffee
INV-399,Milk
INV-400,Eggs
INV-400,Diapers
INV-400,Milk
INV-400,Coffee
INV-401,Eggs
INV-401,Butter
INV-401,Cereal
INV-402,Eggs
INV-402,Beer
INV-402,Bread
INV-402,Diapers
INV-403,Milk
INV-404,Milk
INV-404,Cereal
INV-404,Bread
INV-404,Beer
INV-404,Diapers
INV-405,Coffee
INV-405,Milk
INV-406,Sugar
INV-406,Butter
INV-406,Coffee
INV-406,Milk
INV-407,Cereal
INV-407,Sugar
INV-407,Butter
INV-407,Bread
INV-408,Coffee
INV-408,Cereal
INV-409,Butter
INV-409,Eggs
INV-409,Sugar
INV-409,Cereal
INV-410,Milk
INV-411,Bread
INV-411,Milk
INV-411,Coffee
INV-411,Cereal
INV-412,Milk
INV-412,Eggs
INV-412,Bread
INV-413,Eggs
INV-413,Butter
INV-413,Coffee
INV-413,Sugar
INV-414,Sugar
INV-414,Diapers
INV-414,Milk
INV-414,Beer
INV-415,Eggs
INV-416,Bread
INV-417,Diapers
INV-417,Beer
INV-418,Coffee
INV-418,Cereal
INV-419,Eggs
INV-419,Diapers
INV-419,Cereal
INV-419,Milk
INV-420,Bread
INV-420,Eggs
INV-420,Milk
INV-420,Diapers
INV-421,Coffee
INV-421,Eggs
INV-421,Milk
INV-421,Bread
INV-422,Beer
INV-422,Diapers
INV-423,Butter
INV-423,Milk
INV-423,Eggs
INV-423,Bread
INV-424,Beer
INV-424,Bread
INV-424,Diapers
INV-425,Beer
INV-425,Butter
INV-425,Milk
INV-425,Eggs
INV-426,Cereal
INV-426,Coffee
INV-426,Diapers
INV-427,Diapers
INV-427,Butter
INV-427,Coffee
INV-428,Beer
INV-428,Cereal
INV-428,Eggs
INV-429,Beer
INV-430,Coffee
INV-431,Butter
INV-432,Milk
INV-433,Eggs
INV-433,Coffee
INV-433,Diapers
INV-434,Coffee
INV-435,Milk
INV-435,Eggs
INV-436,Butter
INV-436,Milk
INV-436,Bread
INV-436,Cereal
INV-437,Eggs
INV-437,Diapers
INV-437,Cereal
INV-438,Diapers
INV-438,Bread
INV-438,Cereal
INV-439,Eggs
INV-440,Butter
INV-441,Eggs
INV-441,Beer
INV-441,Milk
INV-441,Cereal
INV-441,Diapers
INV-442,Sugar
INV-442,Coffee
INV-442,Diapers
INV-443,Eggs
INV-444,Milk
INV-444,Butter
INV-444,Sugar
INV-445,Butter
INV-445,Eggs
INV-445,Sugar
INV-446,Bread
INV-447,Diapers
INV-448,Eggs
INV-448,Cereal
INV-449,Eggs
INV-449,Bread
INV-449,Beer
INV-450,Beer
INV-450,Sugar
INV-450,Milk
INV-450,Diapers
INV-451,Diapers
INV-451,Eggs
INV-451,Bread
INV-452,Cereal
INV-452,Sugar
INV-453,Bread
INV-454,Milk
INV-454,Eggs
INV-454,Sugar
INV-455,Sugar
INV-455,Diapers
INV-456,Diapers
INV-456,Coffee
INV-456,Cereal
INV-457,Cereal
INV-457,Coffee
INV-457,Bread
INV-457,Beer
INV-458,Eggs
INV-458,Diapers
INV-458,Sugar
INV-458,Beer
INV-459,Diapers
INV-459,Beer
INV-460,Sugar
INV-460,Coffee
INV-461,Beer
INV-461,Cereal
INV-461,Diapers
INV-462,Eggs
INV-462,Sugar
INV-462,Bread
INV-462,Beer
INV-462,Diapers
INV-463,Milk
INV-463,Sugar
INV-463,Butter
INV-463,Coffee
INV-464,Cereal
INV-464,Milk
INV-465,Sugar
INV-465,Eggs
INV-465,Bread
INV-466,Bread
INV-466,Beer
INV-466,Cereal
INV-466,Diapers
INV-467,Coffee
INV-468,Eggs
INV-468,Bread
INV-468,Butter
INV-469,Sugar
INV-469,Butter
INV-469,Bread
INV-470,Cereal
INV-470,Bread
INV-470,Diapers
INV-470,Butter
INV-471,Butter
INV-472,Coffee
INV-472,Sugar
INV-473,Beer
INV-473,Milk
INV-473,Eggs
INV-473,Bread
INV-474,Cereal
INV-474,Milk
INV-474,Beer
INV-474,Coffee
INV-474,Diapers
INV-475,Bread
INV-475,Milk
INV-475,Sugar
INV-476,Eggs
INV-476,Diapers
INV-476,Bread
INV-476,Milk
INV-477,Beer
INV-477,Milk
INV-477,Eggs
INV-477,Diapers
INV-478,Coffee
INV-478,Sugar
INV-478,Beer
INV-478,Eggs
INV-478,Diapers
INV-479,Coffee
INV-479,Butter
INV-479,Sugar
INV-479,Cereal
INV-480,Beer
INV-480,Coffee
INV-480,Eggs
INV-480,Butter
INV-480,Diapers
INV-481,Coffee
INV-481,Diapers
INV-482,Diapers
INV-482,Bread
INV-482,Beer
INV-482,Coffee
INV-483,Cereal
INV-483,Eggs
INV-483,Coffee
INV-483,Diapers
INV-484,Butter
INV-484,Sugar
INV-484,Bread
INV-485,Coffee
INV-485,Diapers
INV-485,Sugar
INV-486,Butter
INV-487,Butter
INV-487,Cereal
INV-488,Sugar
INV-488,Cereal
INV-488,Coffee
INV-488,Butter
INV-489,Diapers
INV-490,Cereal
INV-490,Beer
INV-490,Sugar
INV-490,Bread
INV-490,Diapers
INV-491,Coffee
INV-491,Butter
INV-491,Beer
INV-491,Diapers
INV-492,Eggs
INV-492,Coffee
INV-492,Diapers
INV-492,Bread
INV-493,Bread
INV-494,Sugar
INV-494,Cereal
INV-495,Eggs
INV-495,Bread
INV-495,Beer
INV-495,Diapers
INV-496,Diapers
INV-496,Bread
INV-496,Eggs
INV-497,Beer
INV-497,Diapers
INV-498,Milk
INV-499,Bread
INV-500,Beer
INV-500,Diapers
